S1_timestamp,S1_Target_RPM,S1_Actual_RPM,Accel_X,Accel_Y,Accel_Z,Gyro_X,Gyro_Y,Gyro_Z, ,S2_timestamp,S2_Target_RPM,S2_Actual_RPM,Accel_X,Accel_Y,Accel_Z,Gyro_X,Gyro_Y,Gyro_Z, ,S3_timestamp,S3_Target_RPM,S3_Actual_RPM,Accel_X,Accel_Y,Accel_Z,Gyro_X,Gyro_Y,Gyro_Z, 
15:58:29.800,0,0,-5880,5184,-11556,-207,140,102, ,15:58:29.800,0,0,-564,-16884,20284,94,73,-229, ,15:58:29.800,0,0,-3428,-1936,20292,-876,-1110,1210, 
15:58:29.902,0,0,-5880,5184,-11556,-207,140,102, ,15:58:29.902,0,0,-564,-16884,20284,94,73,-229, ,15:58:29.902,0,0,-3428,-1936,20292,-876,-1110,1210, 
15:58:30.004,0,0,-5880,5184,-11556,-207,140,102, ,15:58:30.004,0,0,-564,-16884,20284,94,73,-229, ,15:58:30.004,0,0,-3428,-1936,20292,-876,-1110,1210, 
15:58:30.106,0,0,-5880,5184,-11556,-207,140,102, ,15:58:30.106,0,0,-564,-16884,20284,94,73,-229, ,15:58:30.106,0,0,-3428,-1936,20292,-876,-1110,1210, 
15:58:30.207,0,0,-5880,5184,-11556,-207,140,102, ,15:58:30.207,0,0,-564,-16884,20284,94,73,-229, ,15:58:30.207,0,0,-3428,-1936,20292,-876,-1110,1210, 
15:58:30.309,0,0,-5880,5184,-11556,-207,140,102, ,15:58:30.309,0,0,-564,-16884,20284,94,73,-229, ,15:58:30.309,0,0,-3428,-1936,20292,-876,-1110,1210, 
15:58:30.411,0,0,-5880,5184,-11556,-207,140,102, ,15:58:30.411,0,0,-564,-16884,20284,94,73,-229, ,15:58:30.411,0,0,-3428,-1936,20292,-876,-1110,1210, 
15:58:30.513,0,0,-5880,5184,-11556,-207,140,102, ,15:58:30.513,0,0,-564,-16884,20284,94,73,-229, ,15:58:30.513,0,0,-3736,-2240,20048,-770,-1140,1361, 
15:58:30.615,0,0,-5948,5292,-11268,43,29,84, ,15:58:30.615,0,0,-572,-17084,20360,67,41,-295, ,15:58:30.615,0,0,-3736,-2240,20048,-770,-1140,1361, 
15:58:30.716,0,0,-5948,5292,-11268,43,29,84, ,15:58:30.716,0,0,-572,-17084,20360,67,41,-295, ,15:58:30.716,0,0,-3736,-2240,20048,-770,-1140,1361, 
15:58:30.818,0,0,-5948,5292,-11268,43,29,84, ,15:58:30.818,0,0,-572,-17084,20360,67,41,-295, ,15:58:30.818,0,0,-3736,-2240,20048,-770,-1140,1361, 
15:58:30.919,0,0,-5948,5292,-11268,43,29,84, ,15:58:30.919,0,0,-572,-17084,20360,67,41,-295, ,15:58:30.919,0,0,-3736,-2240,20048,-770,-1140,1361, 
15:58:31.021,0,0,-5948,5292,-11268,43,29,84, ,15:58:31.021,0,0,-572,-17084,20360,67,41,-295, ,15:58:31.021,0,0,-3736,-2240,20048,-770,-1140,1361, 
15:58:31.123,0,0,-5948,5292,-11268,43,29,84, ,15:58:31.123,0,0,-572,-17084,20360,67,41,-295, ,15:58:31.123,0,0,-3736,-2240,20048,-770,-1140,1361, 
15:58:31.225,0,0,-5948,5292,-11268,43,29,84, ,15:58:31.225,0,0,-572,-17084,20360,67,41,-295, ,15:58:31.225,0,0,-3736,-2240,20048,-770,-1140,1361, 
15:58:31.327,0,0,-5948,5292,-11268,43,29,84, ,15:58:31.327,0,0,-572,-17084,20360,67,41,-295, ,15:58:31.327,0,0,-3964,-2624,20336,-844,-1127,1257, 
15:58:31.428,0,0,-5956,5264,-11404,107,-65,17, ,15:58:31.428,0,0,-700,-17000,20296,-80,47,-62, ,15:58:31.428,0,0,-3964,-2624,20336,-844,-1127,1257, 
15:58:31.530,0,0,-5956,5264,-11404,107,-65,17, ,15:58:31.530,0,0,-700,-17000,20296,-80,47,-62, ,15:58:31.530,0,0,-3964,-2624,20336,-844,-1127,1257, 
15:58:31.632,0,0,-5956,5264,-11404,107,-65,17, ,15:58:31.632,0,0,-700,-17000,20296,-80,47,-62, ,15:58:31.632,0,0,-3964,-2624,20336,-844,-1127,1257, 
15:58:31.734,0,0,-5956,5264,-11404,107,-65,17, ,15:58:31.734,0,0,-700,-17000,20296,-80,47,-62, ,15:58:31.734,0,0,-3964,-2624,20336,-844,-1127,1257, 
15:58:31.835,0,0,-5956,5264,-11404,107,-65,17, ,15:58:31.835,0,0,-700,-17000,20296,-80,47,-62, ,15:58:31.835,0,0,-3964,-2624,20336,-844,-1127,1257, 
15:58:31.937,0,0,-5956,5264,-11404,107,-65,17, ,15:58:31.937,0,0,-700,-17000,20296,-80,47,-62, ,15:58:31.937,0,0,-3964,-2624,20336,-844,-1127,1257, 
15:58:32.039,0,0,-5956,5264,-11404,107,-65,17, ,15:58:32.039,0,0,-700,-17000,20296,-80,47,-62, ,15:58:32.039,0,0,-3964,-2624,20336,-844,-1127,1257, 
15:58:32.140,0,0,-5956,5264,-11404,107,-65,17, ,15:58:32.140,0,0,-700,-17000,20296,-80,47,-62, ,15:58:32.140,0,0,-3512,-2200,20352,-914,-1082,1162, 
15:58:32.242,0,0,-6000,5176,-11672,-18,46,67, ,15:58:32.242,0,0,-660,-16956,20484,-28,91,-52, ,15:58:32.242,0,0,-3512,-2200,20352,-914,-1082,1162, 
15:58:32.344,0,0,-6000,5176,-11672,-18,46,67, ,15:58:32.344,0,0,-660,-16956,20484,-28,91,-52, ,15:58:32.344,0,0,-3512,-2200,20352,-914,-1082,1162, 
15:58:32.445,0,0,-6000,5176,-11672,-18,46,67, ,15:58:32.445,0,0,-660,-16956,20484,-28,91,-52, ,15:58:32.445,0,0,-3512,-2200,20352,-914,-1082,1162, 
15:58:32.546,0,0,-6000,5176,-11672,-18,46,67, ,15:58:32.546,0,0,-660,-16956,20484,-28,91,-52, ,15:58:32.546,0,0,-3512,-2200,20352,-914,-1082,1162, 
15:58:32.648,0,0,-6000,5176,-11672,-18,46,67, ,15:58:32.648,0,0,-660,-16956,20484,-28,91,-52, ,15:58:32.648,0,0,-3512,-2200,20352,-914,-1082,1162, 
15:58:32.750,0,0,-6000,5176,-11672,-18,46,67, ,15:58:32.750,0,0,-660,-16956,20484,-28,91,-52, ,15:58:32.750,0,0,-3512,-2200,20352,-914,-1082,1162, 
15:58:32.852,0,0,-6000,5176,-11672,-18,46,67, ,15:58:32.852,0,0,-660,-16956,20484,-28,91,-52, ,15:58:32.852,0,0,-3432,-2000,20324,-825,-1109,1208, 
15:58:32.954,0,0,-6000,5176,-11672,-18,46,67, ,15:58:32.954,0,0,-536,-16804,20232,45,32,-176, ,15:58:32.954,0,0,-3432,-2000,20324,-825,-1109,1208, 
15:58:33.055,0,0,-5836,5172,-11432,-22,78,0, ,15:58:33.056,0,0,-536,-16804,20232,45,32,-176, ,15:58:33.056,0,0,-3432,-2000,20324,-825,-1109,1208, 
15:58:33.157,0,0,-5836,5172,-11432,-22,78,0, ,15:58:33.157,0,0,-536,-16804,20232,45,32,-176, ,15:58:33.157,0,0,-3432,-2000,20324,-825,-1109,1208, 
15:58:33.259,0,0,-5836,5172,-11432,-22,78,0, ,15:58:33.259,0,0,-536,-16804,20232,45,32,-176, ,15:58:33.259,0,0,-3432,-2000,20324,-825,-1109,1208, 
15:58:33.361,0,0,-5836,5172,-11432,-22,78,0, ,15:58:33.361,0,0,-536,-16804,20232,45,32,-176, ,15:58:33.361,0,0,-3432,-2000,20324,-825,-1109,1208, 
15:58:33.463,0,0,-5836,5172,-11432,-22,78,0, ,15:58:33.463,0,0,-536,-16804,20232,45,32,-176, ,15:58:33.463,0,0,-3432,-2000,20324,-825,-1109,1208, 
15:58:33.565,0,0,-5836,5172,-11432,-22,78,0, ,15:58:33.565,0,0,-536,-16804,20232,45,32,-176, ,15:58:33.565,0,0,-3432,-2000,20324,-825,-1109,1208, 
15:58:33.667,0,0,-5836,5172,-11432,-22,78,0, ,15:58:33.667,0,0,-536,-16804,20232,45,32,-176, ,15:58:33.667,0,0,-4028,-2324,20264,-675,-1061,1248, 
15:58:33.769,0,0,-5836,5172,-11432,-22,78,0, ,15:58:33.769,0,0,-588,-17072,20376,-8,23,-139, ,15:58:33.769,0,0,-4028,-2324,20264,-675,-1061,1248, 
15:58:33.871,0,0,-6172,5112,-11384,121,-8,-51, ,15:58:33.871,0,0,-588,-17072,20376,-8,23,-139, ,15:58:33.871,0,0,-4028,-2324,20264,-675,-1061,1248, 
15:58:33.973,0,0,-6172,5112,-11384,121,-8,-51, ,15:58:33.973,0,0,-588,-17072,20376,-8,23,-139, ,15:58:33.973,0,0,-4028,-2324,20264,-675,-1061,1248, 
15:58:34.075,0,0,-6172,5112,-11384,121,-8,-51, ,15:58:34.075,0,0,-588,-17072,20376,-8,23,-139, ,15:58:34.075,0,0,-4028,-2324,20264,-675,-1061,1248, 
15:58:34.177,0,0,-6172,5112,-11384,121,-8,-51, ,15:58:34.177,0,0,-588,-17072,20376,-8,23,-139, ,15:58:34.177,0,0,-4028,-2324,20264,-675,-1061,1248, 
15:58:34.279,0,0,-6172,5112,-11384,121,-8,-51, ,15:58:34.279,0,0,-588,-17072,20376,-8,23,-139, ,15:58:34.279,0,0,-4028,-2324,20264,-675,-1061,1248, 
15:58:34.381,0,0,-6172,5112,-11384,121,-8,-51, ,15:58:34.381,0,0,-588,-17072,20376,-8,23,-139, ,15:58:34.381,0,0,-4028,-2324,20264,-675,-1061,1248, 
15:58:34.483,0,0,-6172,5112,-11384,121,-8,-51, ,15:58:34.483,0,0,-588,-17072,20376,-8,23,-139, ,15:58:34.483,0,0,-3968,-2400,20340,-746,-1015,1144, 
15:58:34.585,0,0,-6172,5112,-11384,121,-8,-51, ,15:58:34.585,0,0,-644,-16980,20404,-70,27,-17, ,15:58:34.585,0,0,-3968,-2400,20340,-746,-1015,1144, 
15:58:34.687,0,0,-6092,5220,-11620,143,12,-54, ,15:58:34.687,0,0,-644,-16980,20404,-70,27,-17, ,15:58:34.687,0,0,-3968,-2400,20340,-746,-1015,1144, 
15:58:34.789,0,0,-6092,5220,-11620,143,12,-54, ,15:58:34.789,0,0,-644,-16980,20404,-70,27,-17, ,15:58:34.789,0,0,-3968,-2400,20340,-746,-1015,1144, 
15:58:34.892,0,0,-6092,5220,-11620,143,12,-54, ,15:58:34.892,0,0,-644,-16980,20404,-70,27,-17, ,15:58:34.892,0,0,-3968,-2400,20340,-746,-1015,1144, 
15:58:34.994,0,0,-6092,5220,-11620,143,12,-54, ,15:58:34.994,0,0,-644,-16980,20404,-70,27,-17, ,15:58:34.994,0,0,-3968,-2400,20340,-746,-1015,1144, 
15:58:35.096,0,0,-6092,5220,-11620,143,12,-54, ,15:58:35.096,0,0,-644,-16980,20404,-70,27,-17, ,15:58:35.096,0,0,-3968,-2400,20340,-746,-1015,1144, 
15:58:35.197,0,0,-6092,5220,-11620,143,12,-54, ,15:58:35.197,0,0,-644,-16980,20404,-70,27,-17, ,15:58:35.197,0,0,-3968,-2400,20340,-746,-1015,1144, 
15:58:35.299,0,0,-6092,5220,-11620,143,12,-54, ,15:58:35.299,0,0,-644,-16980,20404,-70,27,-17, ,15:58:35.299,0,0,-3396,-2156,20296,-682,-998,1116, 
15:58:35.401,0,0,-6024,5120,-11568,31,69,-54, ,15:58:35.401,0,0,-592,-16792,20216,-54,40,-57, ,15:58:35.401,0,0,-3396,-2156,20296,-682,-998,1116, 
15:58:35.503,0,0,-6024,5120,-11568,31,69,-54, ,15:58:35.503,0,0,-592,-16792,20216,-54,40,-57, ,15:58:35.503,0,0,-3396,-2156,20296,-682,-998,1116, 
15:58:35.605,0,0,-6024,5120,-11568,31,69,-54, ,15:58:35.605,0,0,-592,-16792,20216,-54,40,-57, ,15:58:35.605,0,0,-3396,-2156,20296,-682,-998,1116, 
15:58:35.707,900,0,-6024,5120,-11568,31,69,-54, ,15:58:35.707,0,0,-592,-16792,20216,-54,40,-57, ,15:58:35.707,0,0,-3396,-2156,20296,-682,-998,1116, 
15:58:35.809,900,0,-6024,5120,-11568,31,69,-54, ,15:58:35.809,0,0,-592,-16792,20216,-54,40,-57, ,15:58:35.809,0,0,-3396,-2156,20296,-682,-998,1116, 
15:58:35.911,900,0,-6024,5120,-11568,31,69,-54, ,15:58:35.911,0,0,-592,-16792,20216,-54,40,-57, ,15:58:35.911,0,0,-3396,-2156,20296,-682,-998,1116, 
15:58:36.013,900,0,-6024,5120,-11568,31,69,-54, ,15:58:36.013,0,0,-592,-16792,20216,-54,40,-57, ,15:58:36.013,0,0,-3396,-2156,20296,-682,-998,1116, 
15:58:36.115,900,0,-6024,5120,-11568,31,69,-54, ,15:58:36.116,0,0,-592,-16792,20216,-54,40,-57, ,15:58:36.116,0,0,-3600,-2020,20592,-1129,-324,1494, 
15:58:36.218,900,344,-9124,-4264,-15908,-2176,1411,1233, ,15:58:36.218,0,0,-800,-13152,17496,-1860,458,1410, ,15:58:36.218,0,0,-3600,-2020,20592,-1129,-324,1494, 
15:58:36.319,900,344,-9124,-4264,-15908,-2176,1411,1233, ,15:58:36.319,0,0,-800,-13152,17496,-1860,458,1410, ,15:58:36.319,0,0,-3600,-2020,20592,-1129,-324,1494, 
15:58:36.421,900,344,-9124,-4264,-15908,-2176,1411,1233, ,15:58:36.421,0,0,-800,-13152,17496,-1860,458,1410, ,15:58:36.421,0,0,-3600,-2020,20592,-1129,-324,1494, 
15:58:36.523,900,344,-9124,-4264,-15908,-2176,1411,1233, ,15:58:36.523,0,0,-800,-13152,17496,-1860,458,1410, ,15:58:36.523,0,0,-3600,-2020,20592,-1129,-324,1494, 
15:58:36.625,900,344,-9124,-4264,-15908,-2176,1411,1233, ,15:58:36.626,0,0,-800,-13152,17496,-1860,458,1410, ,15:58:36.626,0,0,-3600,-2020,20592,-1129,-324,1494, 
15:58:36.728,900,344,-9124,-4264,-15908,-2176,1411,1233, ,15:58:36.728,0,0,-800,-13152,17496,-1860,458,1410, ,15:58:36.728,0,0,-3600,-2020,20592,-1129,-324,1494, 
15:58:36.830,900,344,-9124,-4264,-15908,-2176,1411,1233, ,15:58:36.830,0,0,-800,-13152,17496,-1860,458,1410, ,15:58:36.830,0,0,-3600,-2020,20592,-1129,-324,1494, 
15:58:36.932,900,344,-9124,-4264,-15908,-2176,1411,1233, ,15:58:36.932,0,0,-800,-13152,17496,-1860,458,1410, ,15:58:36.932,0,0,-1596,-792,18228,-4814,-1863,2014, 
15:58:37.033,900,690,-8,-18064,-8988,-32768,-7664,1963, ,15:58:37.034,0,0,-1508,-15764,19448,3145,-489,-2091, ,15:58:37.034,0,0,-1596,-792,18228,-4814,-1863,2014, 
15:58:37.136,900,690,-8,-18064,-8988,-32768,-7664,1963, ,15:58:37.136,0,0,-1508,-15764,19448,3145,-489,-2091, ,15:58:37.136,0,0,-1596,-792,18228,-4814,-1863,2014, 
15:58:37.238,900,690,-8,-18064,-8988,-32768,-7664,1963, ,15:58:37.238,0,0,-1508,-15764,19448,3145,-489,-2091, ,15:58:37.238,0,0,-1596,-792,18228,-4814,-1863,2014, 
15:58:37.340,900,690,-8,-18064,-8988,-32768,-7664,1963, ,15:58:37.340,0,0,-1508,-15764,19448,3145,-489,-2091, ,15:58:37.340,0,0,-1596,-792,18228,-4814,-1863,2014, 
15:58:37.442,900,690,-8,-18064,-8988,-32768,-7664,1963, ,15:58:37.442,0,0,-1508,-15764,19448,3145,-489,-2091, ,15:58:37.442,0,0,-1596,-792,18228,-4814,-1863,2014, 
15:58:37.543,900,690,-8,-18064,-8988,-32768,-7664,1963, ,15:58:37.543,0,0,-1508,-15764,19448,3145,-489,-2091, ,15:58:37.543,0,0,-1596,-792,18228,-4814,-1863,2014, 
15:58:37.645,900,690,-8,-18064,-8988,-32768,-7664,1963, ,15:58:37.645,0,0,-1508,-15764,19448,3145,-489,-2091, ,15:58:37.645,0,0,-12256,-11816,20384,1016,1445,4079, 
15:58:37.747,900,690,-8,-18064,-8988,-32768,-7664,1963, ,15:58:37.747,0,0,-6972,-20652,29528,9713,-2888,-7187, ,15:58:37.747,0,0,-12256,-11816,20384,1016,1445,4079, 
15:58:37.849,900,749,-4228,21076,-32768,-32768,-10724,12318, ,15:58:37.849,0,0,-6972,-20652,29528,9713,-2888,-7187, ,15:58:37.849,0,0,-12256,-11816,20384,1016,1445,4079, 
15:58:37.951,900,749,-4228,21076,-32768,-32768,-10724,12318, ,15:58:37.952,0,0,-6972,-20652,29528,9713,-2888,-7187, ,15:58:37.952,0,0,-12256,-11816,20384,1016,1445,4079, 
15:58:38.054,900,749,-4228,21076,-32768,-32768,-10724,12318, ,15:58:38.054,0,0,-6972,-20652,29528,9713,-2888,-7187, ,15:58:38.054,0,0,-12256,-11816,20384,1016,1445,4079, 
15:58:38.155,900,749,-4228,21076,-32768,-32768,-10724,12318, ,15:58:38.155,0,0,-6972,-20652,29528,9713,-2888,-7187, ,15:58:38.155,0,0,-12256,-11816,20384,1016,1445,4079, 
15:58:38.257,900,749,-4228,21076,-32768,-32768,-10724,12318, ,15:58:38.257,0,0,-6972,-20652,29528,9713,-2888,-7187, ,15:58:38.257,0,0,-12256,-11816,20384,1016,1445,4079, 
15:58:38.359,900,749,-4228,21076,-32768,-32768,-10724,12318, ,15:58:38.359,0,0,-6972,-20652,29528,9713,-2888,-7187, ,15:58:38.359,0,0,-12256,-11816,20384,1016,1445,4079, 
15:58:38.460,900,749,-4228,21076,-32768,-32768,-10724,12318, ,15:58:38.460,0,0,-6972,-20652,29528,9713,-2888,-7187, ,15:58:38.460,0,0,-24364,-4696,-17208,17656,4588,4939, 
15:58:38.562,900,749,-4228,21076,-32768,-32768,-10724,12318, ,15:58:38.562,0,0,-260,-22296,32767,10256,755,-10034, ,15:58:38.562,0,0,-24364,-4696,-17208,17656,4588,4939, 
15:58:38.664,900,775,-4408,3148,-32768,-32768,-31896,8717, ,15:58:38.664,0,0,-260,-22296,32767,10256,755,-10034, ,15:58:38.664,0,0,-24364,-4696,-17208,17656,4588,4939, 
15:58:38.765,900,775,-4408,3148,-32768,-32768,-31896,8717, ,15:58:38.765,0,0,-260,-22296,32767,10256,755,-10034, ,15:58:38.765,0,0,-24364,-4696,-17208,17656,4588,4939, 
15:58:38.867,900,775,-4408,3148,-32768,-32768,-31896,8717, ,15:58:38.867,0,0,-260,-22296,32767,10256,755,-10034, ,15:58:38.867,0,0,-24364,-4696,-17208,17656,4588,4939, 
15:58:38.969,900,775,-4408,3148,-32768,-32768,-31896,8717, ,15:58:38.969,0,0,-260,-22296,32767,10256,755,-10034, ,15:58:38.969,0,0,-24364,-4696,-17208,17656,4588,4939, 
15:58:39.071,900,775,-4408,3148,-32768,-32768,-31896,8717, ,15:58:39.071,0,0,-260,-22296,32767,10256,755,-10034, ,15:58:39.071,0,0,-24364,-4696,-17208,17656,4588,4939, 
15:58:39.173,900,775,-4408,3148,-32768,-32768,-31896,8717, ,15:58:39.173,0,0,-260,-22296,32767,10256,755,-10034, ,15:58:39.173,0,0,-24364,-4696,-17208,17656,4588,4939, 
15:58:39.275,900,775,-4408,3148,-32768,-32768,-31896,8717, ,15:58:39.275,0,0,-260,-22296,32767,10256,755,-10034, ,15:58:39.275,0,0,-23644,1660,-15032,12106,-14511,3804, 
15:58:39.377,900,775,-4408,3148,-32768,-32768,-31896,8717, ,15:58:39.377,0,0,1820,-9604,32767,7962,-204,-4079, ,15:58:39.377,0,0,-23644,1660,-15032,12106,-14511,3804, 
15:58:39.479,900,778,16908,-24280,10972,-32768,-14019,-3066, ,15:58:39.479,0,0,1820,-9604,32767,7962,-204,-4079, ,15:58:39.479,0,0,-23644,1660,-15032,12106,-14511,3804, 
15:58:39.581,900,778,16908,-24280,10972,-32768,-14019,-3066, ,15:58:39.581,0,0,1820,-9604,32767,7962,-204,-4079, ,15:58:39.581,0,0,-23644,1660,-15032,12106,-14511,3804, 
15:58:39.683,900,778,16908,-24280,10972,-32768,-14019,-3066, ,15:58:39.683,0,0,1820,-9604,32767,7962,-204,-4079, ,15:58:39.683,0,0,-23644,1660,-15032,12106,-14511,3804, 
15:58:39.785,900,778,16908,-24280,10972,-32768,-14019,-3066, ,15:58:39.786,0,0,1820,-9604,32767,7962,-204,-4079, ,15:58:39.786,0,0,-23644,1660,-15032,12106,-14511,3804, 
15:58:39.888,900,778,16908,-24280,10972,-32768,-14019,-3066, ,15:58:39.888,0,0,1820,-9604,32767,7962,-204,-4079, ,15:58:39.888,0,0,-23644,1660,-15032,12106,-14511,3804, 
15:58:39.990,900,778,16908,-24280,10972,-32768,-14019,-3066, ,15:58:39.990,0,0,1820,-9604,32767,7962,-204,-4079, ,15:58:39.990,0,0,-23644,1660,-15032,12106,-14511,3804, 
15:58:40.092,900,778,16908,-24280,10972,-32768,-14019,-3066, ,15:58:40.092,0,0,1820,-9604,32767,7962,-204,-4079, ,15:58:40.092,0,0,1444,13712,32767,-12795,-19109,-5398, 
15:58:40.196,900,778,9008,15588,32767,32767,26306,-11382, ,15:58:40.196,0,0,1016,-23024,19944,4045,8267,17648, ,15:58:40.196,0,0,1444,13712,32767,-12795,-19109,-5398, 
15:58:40.298,900,778,9008,15588,32767,32767,26306,-11382, ,15:58:40.298,0,0,1016,-23024,19944,4045,8267,17648, ,15:58:40.298,0,0,1444,13712,32767,-12795,-19109,-5398, 
15:58:40.400,900,778,9008,15588,32767,32767,26306,-11382, ,15:58:40.400,0,0,1016,-23024,19944,4045,8267,17648, ,15:58:40.400,0,0,1444,13712,32767,-12795,-19109,-5398, 
15:58:40.502,900,778,9008,15588,32767,32767,26306,-11382, ,15:58:40.502,0,0,1016,-23024,19944,4045,8267,17648, ,15:58:40.502,0,0,1444,13712,32767,-12795,-19109,-5398, 
15:58:40.604,900,778,9008,15588,32767,32767,26306,-11382, ,15:58:40.605,0,0,1016,-23024,19944,4045,8267,17648, ,15:58:40.605,0,0,1444,13712,32767,-12795,-19109,-5398, 
15:58:40.710,900,778,9008,15588,32767,32767,26306,-11382, ,15:58:40.710,0,0,1016,-23024,19944,4045,8267,17648, ,15:58:40.710,0,0,1444,13712,32767,-12795,-19109,-5398, 
15:58:40.811,900,778,9008,15588,32767,32767,26306,-11382, ,15:58:40.811,0,0,1016,-23024,19944,4045,8267,17648, ,15:58:40.811,0,0,1444,13712,32767,-12795,-19109,-5398, 
15:58:40.913,900,778,9008,15588,32767,32767,26306,-11382, ,15:58:40.913,0,0,1016,-23024,19944,4045,8267,17648, ,15:58:40.913,0,0,32767,23448,32767,-16554,3654,564, 
15:58:41.015,900,779,-2708,22488,-1200,32767,22429,-946, ,15:58:41.015,0,0,-6188,-32768,23820,12473,-3512,4275, ,15:58:41.015,0,0,32767,23448,32767,-16554,3654,564, 
15:58:41.118,900,779,-2708,22488,-1200,32767,22429,-946, ,15:58:41.118,0,0,-6188,-32768,23820,12473,-3512,4275, ,15:58:41.118,0,0,32767,23448,32767,-16554,3654,564, 
15:58:41.219,900,779,-2708,22488,-1200,32767,22429,-946, ,15:58:41.219,0,0,-6188,-32768,23820,12473,-3512,4275, ,15:58:41.219,0,0,32767,23448,32767,-16554,3654,564, 
15:58:41.321,900,779,-2708,22488,-1200,32767,22429,-946, ,15:58:41.321,0,0,-6188,-32768,23820,12473,-3512,4275, ,15:58:41.321,0,0,32767,23448,32767,-16554,3654,564, 
15:58:41.423,900,779,-2708,22488,-1200,32767,22429,-946, ,15:58:41.423,0,0,-6188,-32768,23820,12473,-3512,4275, ,15:58:41.423,0,0,32767,23448,32767,-16554,3654,564, 
15:58:41.525,900,779,-2708,22488,-1200,32767,22429,-946, ,15:58:41.525,0,0,-6188,-32768,23820,12473,-3512,4275, ,15:58:41.525,0,0,32767,23448,32767,-16554,3654,564, 
15:58:41.627,900,779,-2708,22488,-1200,32767,22429,-946, ,15:58:41.627,0,0,-6188,-32768,23820,12473,-3512,4275, ,15:58:41.627,0,0,32767,23448,32767,-16554,3654,564, 
15:58:41.734,900,779,-2708,22488,-1200,32767,22429,-946, ,15:58:41.734,0,0,-6188,-32768,23820,12473,-3512,4275, ,15:58:41.734,0,0,-3620,-26636,31552,-181,21796,3567, 
15:58:41.836,900,768,-12608,28952,-32768,-32768,-9184,17419, ,15:58:41.836,0,0,8568,-24296,13632,-8100,-791,-7293, ,15:58:41.836,0,0,-3620,-26636,31552,-181,21796,3567, 
15:58:41.938,900,768,-12608,28952,-32768,-32768,-9184,17419, ,15:58:41.938,0,0,8568,-24296,13632,-8100,-791,-7293, ,15:58:41.938,0,0,-3620,-26636,31552,-181,21796,3567, 
15:58:42.040,900,768,-12608,28952,-32768,-32768,-9184,17419, ,15:58:42.040,0,0,8568,-24296,13632,-8100,-791,-7293, ,15:58:42.040,0,0,-3620,-26636,31552,-181,21796,3567, 
15:58:42.143,900,768,-12608,28952,-32768,-32768,-9184,17419, ,15:58:42.143,0,0,8568,-24296,13632,-8100,-791,-7293, ,15:58:42.143,0,0,-3620,-26636,31552,-181,21796,3567, 
15:58:42.244,900,768,-12608,28952,-32768,-32768,-9184,17419, ,15:58:42.244,0,0,8568,-24296,13632,-8100,-791,-7293, ,15:58:42.244,0,0,-3620,-26636,31552,-181,21796,3567, 
15:58:42.346,900,768,-12608,28952,-32768,-32768,-9184,17419, ,15:58:42.346,0,0,8568,-24296,13632,-8100,-791,-7293, ,15:58:42.346,0,0,-3620,-26636,31552,-181,21796,3567, 
15:58:42.448,900,768,-12608,28952,-32768,-32768,-9184,17419, ,15:58:42.448,0,0,8568,-24296,13632,-8100,-791,-7293, ,15:58:42.448,0,0,-24704,-15352,-23520,6557,5248,4942, 
15:58:42.550,900,768,-12608,28952,-32768,-32768,-9184,17419, ,15:58:42.550,0,0,-4512,-20292,15004,5984,-765,-9335, ,15:58:42.550,0,0,-24704,-15352,-23520,6557,5248,4942, 
15:58:42.652,900,773,-15976,3524,-32768,-32768,-32768,12236, ,15:58:42.652,0,0,-4512,-20292,15004,5984,-765,-9335, ,15:58:42.652,0,0,-24704,-15352,-23520,6557,5248,4942, 
15:58:42.754,900,773,-15976,3524,-32768,-32768,-32768,12236, ,15:58:42.754,0,0,-4512,-20292,15004,5984,-765,-9335, ,15:58:42.754,0,0,-24704,-15352,-23520,6557,5248,4942, 
15:58:42.856,900,773,-15976,3524,-32768,-32768,-32768,12236, ,15:58:42.856,0,0,-4512,-20292,15004,5984,-765,-9335, ,15:58:42.856,0,0,-24704,-15352,-23520,6557,5248,4942, 
15:58:42.957,900,773,-15976,3524,-32768,-32768,-32768,12236, ,15:58:42.957,0,0,-4512,-20292,15004,5984,-765,-9335, ,15:58:42.957,0,0,-24704,-15352,-23520,6557,5248,4942, 
15:58:43.060,900,773,-15976,3524,-32768,-32768,-32768,12236, ,15:58:43.060,0,0,-4512,-20292,15004,5984,-765,-9335, ,15:58:43.060,0,0,-24704,-15352,-23520,6557,5248,4942, 
15:58:43.162,900,773,-15976,3524,-32768,-32768,-32768,12236, ,15:58:43.162,0,0,-4512,-20292,15004,5984,-765,-9335, ,15:58:43.162,0,0,-24704,-15352,-23520,6557,5248,4942, 
15:58:43.264,900,773,-15976,3524,-32768,-32768,-32768,12236, ,15:58:43.264,0,0,-4512,-20292,15004,5984,-765,-9335, ,15:58:43.264,0,0,-22916,-8904,-6620,13749,-17251,4295, 
15:58:43.366,900,773,-15976,3524,-32768,-32768,-32768,12236, ,15:58:43.366,0,0,3580,-17000,29756,859,951,-1549, ,15:58:43.366,0,0,-22916,-8904,-6620,13749,-17251,4295, 
15:58:43.468,900,778,26760,-20220,30448,-32768,-5022,-7128, ,15:58:43.468,0,0,3580,-17000,29756,859,951,-1549, ,15:58:43.468,0,0,-22916,-8904,-6620,13749,-17251,4295, 
15:58:43.570,900,778,26760,-20220,30448,-32768,-5022,-7128, ,15:58:43.570,0,0,3580,-17000,29756,859,951,-1549, ,15:58:43.570,0,0,-22916,-8904,-6620,13749,-17251,4295, 
15:58:43.672,900,778,26760,-20220,30448,-32768,-5022,-7128, ,15:58:43.672,0,0,3580,-17000,29756,859,951,-1549, ,15:58:43.672,0,0,-22916,-8904,-6620,13749,-17251,4295, 
15:58:43.773,900,778,26760,-20220,30448,-32768,-5022,-7128, ,15:58:43.773,0,0,3580,-17000,29756,859,951,-1549, ,15:58:43.773,0,0,-22916,-8904,-6620,13749,-17251,4295, 
15:58:43.875,900,778,26760,-20220,30448,-32768,-5022,-7128, ,15:58:43.875,0,0,3580,-17000,29756,859,951,-1549, ,15:58:43.875,0,0,-22916,-8904,-6620,13749,-17251,4295, 
15:58:43.977,900,778,26760,-20220,30448,-32768,-5022,-7128, ,15:58:43.977,0,0,3580,-17000,29756,859,951,-1549, ,15:58:43.977,0,0,-22916,-8904,-6620,13749,-17251,4295, 
15:58:44.079,900,778,26760,-20220,30448,-32768,-5022,-7128, ,15:58:44.079,0,0,3580,-17000,29756,859,951,-1549, ,15:58:44.079,0,0,-22916,-8904,-6620,13749,-17251,4295, 
15:58:44.181,900,778,26760,-20220,30448,-32768,-5022,-7128, ,15:58:44.181,0,0,-436,-10560,22588,-2085,8472,17961, ,15:58:44.181,0,0,4520,7692,32767,-8065,-18622,-3691, 
15:58:44.283,900,776,-7904,-25856,32767,32767,28143,-3977, ,15:58:44.283,0,0,-436,-10560,22588,-2085,8472,17961, ,15:58:44.283,0,0,4520,7692,32767,-8065,-18622,-3691, 
15:58:44.384,900,776,-7904,-25856,32767,32767,28143,-3977, ,15:58:44.385,0,0,-436,-10560,22588,-2085,8472,17961, ,15:58:44.385,0,0,4520,7692,32767,-8065,-18622,-3691, 
15:58:44.486,900,776,-7904,-25856,32767,32767,28143,-3977, ,15:58:44.486,0,0,-436,-10560,22588,-2085,8472,17961, ,15:58:44.486,0,0,4520,7692,32767,-8065,-18622,-3691, 
15:58:44.588,900,776,-7904,-25856,32767,32767,28143,-3977, ,15:58:44.588,0,0,-436,-10560,22588,-2085,8472,17961, ,15:58:44.588,0,0,4520,7692,32767,-8065,-18622,-3691, 
15:58:44.690,900,776,-7904,-25856,32767,32767,28143,-3977, ,15:58:44.690,0,0,-436,-10560,22588,-2085,8472,17961, ,15:58:44.690,0,0,4520,7692,32767,-8065,-18622,-3691, 
15:58:44.791,900,776,-7904,-25856,32767,32767,28143,-3977, ,15:58:44.791,0,0,-436,-10560,22588,-2085,8472,17961, ,15:58:44.791,0,0,4520,7692,32767,-8065,-18622,-3691, 
15:58:44.893,900,776,-7904,-25856,32767,32767,28143,-3977, ,15:58:44.893,0,0,-436,-10560,22588,-2085,8472,17961, ,15:58:44.893,0,0,24640,11596,32767,-13289,8398,299, 
15:58:44.995,900,768,-4612,32767,3724,32767,19603,-5455, ,15:58:44.995,0,0,-3204,-32452,14336,-7318,3419,4459, ,15:58:44.995,0,0,24640,11596,32767,-13289,8398,299, 
15:58:45.096,900,768,-4612,32767,3724,32767,19603,-5455, ,15:58:45.096,0,0,-3204,-32452,14336,-7318,3419,4459, ,15:58:45.096,0,0,24640,11596,32767,-13289,8398,299, 
15:58:45.198,900,768,-4612,32767,3724,32767,19603,-5455, ,15:58:45.198,0,0,-3204,-32452,14336,-7318,3419,4459, ,15:58:45.198,0,0,24640,11596,32767,-13289,8398,299, 
15:58:45.300,900,768,-4612,32767,3724,32767,19603,-5455, ,15:58:45.300,0,0,-3204,-32452,14336,-7318,3419,4459, ,15:58:45.300,0,0,24640,11596,32767,-13289,8398,299, 
15:58:45.402,900,768,-4612,32767,3724,32767,19603,-5455, ,15:58:45.402,0,0,-3204,-32452,14336,-7318,3419,4459, ,15:58:45.402,0,0,24640,11596,32767,-13289,8398,299, 
15:58:45.504,900,768,-4612,32767,3724,32767,19603,-5455, ,15:58:45.504,0,0,-3204,-32452,14336,-7318,3419,4459, ,15:58:45.504,0,0,24640,11596,32767,-13289,8398,299, 
15:58:45.606,900,768,-4612,32767,3724,32767,19603,-5455, ,15:58:45.606,0,0,-3204,-32452,14336,-7318,3419,4459, ,15:58:45.606,0,0,24640,11596,32767,-13289,8398,299, 
15:58:45.708,900,768,-4612,32767,3724,32767,19603,-5455, ,15:58:45.708,0,0,-3204,-32452,14336,-7318,3419,4459, ,15:58:45.708,0,0,384,2380,23832,-458,23083,1240, 
15:58:45.809,900,777,-20136,-4308,-32768,-32768,-11760,14974, ,15:58:45.809,0,0,-1608,-24864,15716,-9936,6185,-4006, ,15:58:45.809,0,0,384,2380,23832,-458,23083,1240, 
15:58:45.911,900,777,-20136,-4308,-32768,-32768,-11760,14974, ,15:58:45.911,0,0,-1608,-24864,15716,-9936,6185,-4006, ,15:58:45.911,0,0,384,2380,23832,-458,23083,1240, 
15:58:46.013,900,777,-20136,-4308,-32768,-32768,-11760,14974, ,15:58:46.013,0,0,-1608,-24864,15716,-9936,6185,-4006, ,15:58:46.013,0,0,384,2380,23832,-458,23083,1240, 
15:58:46.115,900,777,-20136,-4308,-32768,-32768,-11760,14974, ,15:58:46.115,0,0,-1608,-24864,15716,-9936,6185,-4006, ,15:58:46.115,0,0,384,2380,23832,-458,23083,1240, 
15:58:46.217,900,777,-20136,-4308,-32768,-32768,-11760,14974, ,15:58:46.217,0,0,-1608,-24864,15716,-9936,6185,-4006, ,15:58:46.217,0,0,384,2380,23832,-458,23083,1240, 
15:58:46.319,900,777,-20136,-4308,-32768,-32768,-11760,14974, ,15:58:46.319,0,0,-1608,-24864,15716,-9936,6185,-4006, ,15:58:46.319,0,0,384,2380,23832,-458,23083,1240, 
15:58:46.420,900,777,-20136,-4308,-32768,-32768,-11760,14974, ,15:58:46.420,0,0,-1608,-24864,15716,-9936,6185,-4006, ,15:58:46.420,0,0,384,2380,23832,-458,23083,1240, 
15:58:46.522,900,777,-20136,-4308,-32768,-32768,-11760,14974, ,15:58:46.523,0,0,-1608,-24864,15716,-9936,6185,-4006, ,15:58:46.523,0,0,-30028,-15788,-19836,1132,8986,-1, 
15:58:46.625,900,772,-2728,8552,-32768,-32768,-32768,9701, ,15:58:46.625,0,0,-5264,-24692,28028,17448,2186,-6717, ,15:58:46.625,0,0,-30028,-15788,-19836,1132,8986,-1, 
15:58:46.727,900,772,-2728,8552,-32768,-32768,-32768,9701, ,15:58:46.727,0,0,-5264,-24692,28028,17448,2186,-6717, ,15:58:46.727,0,0,-30028,-15788,-19836,1132,8986,-1, 
15:58:46.829,900,772,-2728,8552,-32768,-32768,-32768,9701, ,15:58:46.829,0,0,-5264,-24692,28028,17448,2186,-6717, ,15:58:46.829,0,0,-30028,-15788,-19836,1132,8986,-1, 
15:58:46.931,900,772,-2728,8552,-32768,-32768,-32768,9701, ,15:58:46.931,0,0,-5264,-24692,28028,17448,2186,-6717, ,15:58:46.931,0,0,-30028,-15788,-19836,1132,8986,-1, 
15:58:47.033,900,772,-2728,8552,-32768,-32768,-32768,9701, ,15:58:47.033,0,0,-5264,-24692,28028,17448,2186,-6717, ,15:58:47.033,0,0,-30028,-15788,-19836,1132,8986,-1, 
15:58:47.136,900,772,-2728,8552,-32768,-32768,-32768,9701, ,15:58:47.136,0,0,-5264,-24692,28028,17448,2186,-6717, ,15:58:47.136,0,0,-30028,-15788,-19836,1132,8986,-1, 
15:58:47.238,900,772,-2728,8552,-32768,-32768,-32768,9701, ,15:58:47.238,0,0,-5264,-24692,28028,17448,2186,-6717, ,15:58:47.238,0,0,-30028,-15788,-19836,1132,8986,-1, 
15:58:47.340,900,772,-2728,8552,-32768,-32768,-32768,9701, ,15:58:47.340,0,0,-760,7584,15924,4155,-7023,-5257, ,15:58:47.340,0,0,-23472,5672,-22248,-2089,-13550,1550, 
15:58:47.441,900,774,20556,-31844,13596,-32768,-13176,-3430, ,15:58:47.441,0,0,-760,7584,15924,4155,-7023,-5257, ,15:58:47.441,0,0,-23472,5672,-22248,-2089,-13550,1550, 
15:58:47.543,900,774,20556,-31844,13596,-32768,-13176,-3430, ,15:58:47.543,0,0,-760,7584,15924,4155,-7023,-5257, ,15:58:47.543,0,0,-23472,5672,-22248,-2089,-13550,1550, 
15:58:47.645,900,774,20556,-31844,13596,-32768,-13176,-3430, ,15:58:47.645,0,0,-760,7584,15924,4155,-7023,-5257, ,15:58:47.645,0,0,-23472,5672,-22248,-2089,-13550,1550, 
15:58:47.746,900,774,20556,-31844,13596,-32768,-13176,-3430, ,15:58:47.746,0,0,-760,7584,15924,4155,-7023,-5257, ,15:58:47.746,0,0,-23472,5672,-22248,-2089,-13550,1550, 
15:58:47.848,900,774,20556,-31844,13596,-32768,-13176,-3430, ,15:58:47.848,0,0,-760,7584,15924,4155,-7023,-5257, ,15:58:47.848,0,0,-23472,5672,-22248,-2089,-13550,1550, 
15:58:47.950,900,774,20556,-31844,13596,-32768,-13176,-3430, ,15:58:47.950,0,0,-760,7584,15924,4155,-7023,-5257, ,15:58:47.950,0,0,-23472,5672,-22248,-2089,-13550,1550, 
15:58:48.051,900,774,20556,-31844,13596,-32768,-13176,-3430, ,15:58:48.051,0,0,-760,7584,15924,4155,-7023,-5257, ,15:58:48.051,0,0,-6780,2480,28976,-4660,-21800,-2927, 
15:58:48.153,900,774,20556,-31844,13596,-32768,-13176,-3430, ,15:58:48.153,0,0,176,-25644,26600,4501,-7637,5166, ,15:58:48.153,0,0,-6780,2480,28976,-4660,-21800,-2927, 
15:58:48.254,900,778,2336,-9080,32767,32767,31037,-12479, ,15:58:48.254,0,0,176,-25644,26600,4501,-7637,5166, ,15:58:48.254,0,0,-6780,2480,28976,-4660,-21800,-2927, 
15:58:48.356,900,778,2336,-9080,32767,32767,31037,-12479, ,15:58:48.356,0,0,176,-25644,26600,4501,-7637,5166, ,15:58:48.356,0,0,-6780,2480,28976,-4660,-21800,-2927, 
15:58:48.458,900,778,2336,-9080,32767,32767,31037,-12479, ,15:58:48.458,0,0,176,-25644,26600,4501,-7637,5166, ,15:58:48.458,0,0,-6780,2480,28976,-4660,-21800,-2927, 
15:58:48.560,900,778,2336,-9080,32767,32767,31037,-12479, ,15:58:48.560,0,0,176,-25644,26600,4501,-7637,5166, ,15:58:48.560,0,0,-6780,2480,28976,-4660,-21800,-2927, 
15:58:48.662,900,778,2336,-9080,32767,32767,31037,-12479, ,15:58:48.662,0,0,176,-25644,26600,4501,-7637,5166, ,15:58:48.662,0,0,-6780,2480,28976,-4660,-21800,-2927, 
15:58:48.764,900,778,2336,-9080,32767,32767,31037,-12479, ,15:58:48.764,0,0,176,-25644,26600,4501,-7637,5166, ,15:58:48.764,0,0,-6780,2480,28976,-4660,-21800,-2927, 
15:58:48.866,900,778,2336,-9080,32767,32767,31037,-12479, ,15:58:48.866,0,0,176,-25644,26600,4501,-7637,5166, ,15:58:48.866,0,0,28624,6992,32767,-12787,-1916,-617, 
15:58:48.967,900,778,2336,-9080,32767,32767,31037,-12479, ,15:58:48.967,0,0,140,-6784,6452,-2981,-930,6319, ,15:58:48.967,0,0,28624,6992,32767,-12787,-1916,-617, 
15:58:49.069,900,775,-32768,9288,-22880,32767,21272,-6674, ,15:58:49.069,0,0,140,-6784,6452,-2981,-930,6319, ,15:58:49.069,0,0,28624,6992,32767,-12787,-1916,-617, 
15:58:49.171,900,775,-32768,9288,-22880,32767,21272,-6674, ,15:58:49.171,0,0,140,-6784,6452,-2981,-930,6319, ,15:58:49.171,0,0,28624,6992,32767,-12787,-1916,-617, 
15:58:49.273,900,775,-32768,9288,-22880,32767,21272,-6674, ,15:58:49.273,0,0,140,-6784,6452,-2981,-930,6319, ,15:58:49.273,0,0,28624,6992,32767,-12787,-1916,-617, 
15:58:49.374,900,775,-32768,9288,-22880,32767,21272,-6674, ,15:58:49.374,0,0,140,-6784,6452,-2981,-930,6319, ,15:58:49.374,0,0,28624,6992,32767,-12787,-1916,-617, 
15:58:49.476,900,775,-32768,9288,-22880,32767,21272,-6674, ,15:58:49.476,0,0,140,-6784,6452,-2981,-930,6319, ,15:58:49.476,0,0,28624,6992,32767,-12787,-1916,-617, 
15:58:49.578,900,775,-32768,9288,-22880,32767,21272,-6674, ,15:58:49.578,0,0,140,-6784,6452,-2981,-930,6319, ,15:58:49.578,0,0,28624,6992,32767,-12787,-1916,-617, 
15:58:49.679,900,775,-32768,9288,-22880,32767,21272,-6674, ,15:58:49.679,0,0,140,-6784,6452,-2981,-930,6319, ,15:58:49.679,0,0,18936,2792,32767,-604,18453,3921, 
15:58:49.781,900,777,-32768,32767,-32768,8633,7531,1899, ,15:58:49.781,0,0,1804,-27816,18984,-19393,6933,417, ,15:58:49.781,0,0,18936,2792,32767,-604,18453,3921, 
15:58:49.882,900,777,-32768,32767,-32768,8633,7531,1899, ,15:58:49.883,0,0,1804,-27816,18984,-19393,6933,417, ,15:58:49.883,0,0,18936,2792,32767,-604,18453,3921, 
15:58:49.984,900,777,-32768,32767,-32768,8633,7531,1899, ,15:58:49.984,0,0,1804,-27816,18984,-19393,6933,417, ,15:58:49.984,0,0,18936,2792,32767,-604,18453,3921, 
15:58:50.086,900,777,-32768,32767,-32768,8633,7531,1899, ,15:58:50.086,0,0,1804,-27816,18984,-19393,6933,417, ,15:58:50.086,0,0,18936,2792,32767,-604,18453,3921, 
15:58:50.188,900,777,-32768,32767,-32768,8633,7531,1899, ,15:58:50.188,0,0,1804,-27816,18984,-19393,6933,417, ,15:58:50.188,0,0,18936,2792,32767,-604,18453,3921, 
15:58:50.290,900,777,-32768,32767,-32768,8633,7531,1899, ,15:58:50.290,0,0,1804,-27816,18984,-19393,6933,417, ,15:58:50.290,0,0,18936,2792,32767,-604,18453,3921, 
15:58:50.392,900,777,-32768,32767,-32768,8633,7531,1899, ,15:58:50.392,0,0,1804,-27816,18984,-19393,6933,417, ,15:58:50.392,0,0,18936,2792,32767,-604,18453,3921, 
15:58:50.493,900,777,-32768,32767,-32768,8633,7531,1899, ,15:58:50.494,0,0,1804,-27816,18984,-19393,6933,417, ,15:58:50.494,0,0,-14288,-19552,4548,12453,17883,4150, 
15:58:50.595,900,777,-4880,18812,-32768,-32768,-31591,16286, ,15:58:50.596,0,0,-2072,-22804,16100,1569,4765,-7033, ,15:58:50.596,0,0,-14288,-19552,4548,12453,17883,4150, 
15:58:50.698,900,777,-4880,18812,-32768,-32768,-31591,16286, ,15:58:50.698,0,0,-2072,-22804,16100,1569,4765,-7033, ,15:58:50.698,0,0,-14288,-19552,4548,12453,17883,4150, 
15:58:50.800,900,777,-4880,18812,-32768,-32768,-31591,16286, ,15:58:50.800,0,0,-2072,-22804,16100,1569,4765,-7033, ,15:58:50.800,0,0,-14288,-19552,4548,12453,17883,4150, 
15:58:50.902,900,777,-4880,18812,-32768,-32768,-31591,16286, ,15:58:50.902,0,0,-2072,-22804,16100,1569,4765,-7033, ,15:58:50.902,0,0,-14288,-19552,4548,12453,17883,4150, 
15:58:51.003,900,777,-4880,18812,-32768,-32768,-31591,16286, ,15:58:51.003,0,0,-2072,-22804,16100,1569,4765,-7033, ,15:58:51.003,0,0,-14288,-19552,4548,12453,17883,4150, 
15:58:51.105,900,777,-4880,18812,-32768,-32768,-31591,16286, ,15:58:51.105,0,0,-2072,-22804,16100,1569,4765,-7033, ,15:58:51.105,0,0,-14288,-19552,4548,12453,17883,4150, 
15:58:51.207,900,777,-4880,18812,-32768,-32768,-31591,16286, ,15:58:51.207,0,0,-2072,-22804,16100,1569,4765,-7033, ,15:58:51.207,0,0,-14288,-19552,4548,12453,17883,4150, 
15:58:51.309,900,777,-4880,18812,-32768,-32768,-31591,16286, ,15:58:51.309,0,0,-2072,-22804,16100,1569,4765,-7033, ,15:58:51.309,0,0,-24112,11524,-32768,7485,-7333,1579, 
15:58:51.411,900,776,30704,-28928,-5840,-32768,-20874,-2032, ,15:58:51.411,0,0,-1996,-3620,22852,10277,-3401,-6588, ,15:58:51.411,0,0,-24112,11524,-32768,7485,-7333,1579, 
15:58:51.513,900,776,30704,-28928,-5840,-32768,-20874,-2032, ,15:58:51.513,0,0,-1996,-3620,22852,10277,-3401,-6588, ,15:58:51.513,0,0,-24112,11524,-32768,7485,-7333,1579, 
15:58:51.615,900,776,30704,-28928,-5840,-32768,-20874,-2032, ,15:58:51.615,0,0,-1996,-3620,22852,10277,-3401,-6588, ,15:58:51.615,0,0,-24112,11524,-32768,7485,-7333,1579, 
15:58:51.717,900,776,30704,-28928,-5840,-32768,-20874,-2032, ,15:58:51.717,0,0,-1996,-3620,22852,10277,-3401,-6588, ,15:58:51.717,0,0,-24112,11524,-32768,7485,-7333,1579, 
15:58:51.819,900,776,30704,-28928,-5840,-32768,-20874,-2032, ,15:58:51.819,0,0,-1996,-3620,22852,10277,-3401,-6588, ,15:58:51.819,0,0,-24112,11524,-32768,7485,-7333,1579, 
15:58:51.921,900,776,30704,-28928,-5840,-32768,-20874,-2032, ,15:58:51.921,0,0,-1996,-3620,22852,10277,-3401,-6588, ,15:58:51.921,0,0,-24112,11524,-32768,7485,-7333,1579, 
15:58:52.022,900,776,30704,-28928,-5840,-32768,-20874,-2032, ,15:58:52.023,0,0,-1996,-3620,22852,10277,-3401,-6588, ,15:58:52.023,0,0,-24112,11524,-32768,7485,-7333,1579, 
15:58:52.125,900,776,30704,-28928,-5840,-32768,-20874,-2032, ,15:58:52.125,0,0,-1996,-3620,22852,10277,-3401,-6588, ,15:58:52.125,0,0,-17672,-19032,21992,438,-21026,771, 
15:58:52.227,900,780,10024,-32768,32767,32767,17809,-9000, ,15:58:52.227,0,0,3764,-8400,25720,-182,-8042,354, ,15:58:52.227,0,0,-17672,-19032,21992,438,-21026,771, 
15:58:52.330,900,780,10024,-32768,32767,32767,17809,-9000, ,15:58:52.330,0,0,3764,-8400,25720,-182,-8042,354, ,15:58:52.330,0,0,-17672,-19032,21992,438,-21026,771, 
15:58:52.433,900,780,10024,-32768,32767,32767,17809,-9000, ,15:58:52.433,0,0,3764,-8400,25720,-182,-8042,354, ,15:58:52.433,0,0,-17672,-19032,21992,438,-21026,771, 
15:58:52.535,900,780,10024,-32768,32767,32767,17809,-9000, ,15:58:52.535,0,0,3764,-8400,25720,-182,-8042,354, ,15:58:52.535,0,0,-17672,-19032,21992,438,-21026,771, 
15:58:52.637,900,780,10024,-32768,32767,32767,17809,-9000, ,15:58:52.637,0,0,3764,-8400,25720,-182,-8042,354, ,15:58:52.637,0,0,-17672,-19032,21992,438,-21026,771, 
15:58:52.739,900,780,10024,-32768,32767,32767,17809,-9000, ,15:58:52.739,0,0,3764,-8400,25720,-182,-8042,354, ,15:58:52.739,0,0,-17672,-19032,21992,438,-21026,771, 
15:58:52.841,900,780,10024,-32768,32767,32767,17809,-9000, ,15:58:52.842,0,0,3764,-8400,25720,-182,-8042,354, ,15:58:52.842,0,0,-17672,-19032,21992,438,-21026,771, 
15:58:52.943,900,780,10024,-32768,32767,32767,17809,-9000, ,15:58:52.943,0,0,3784,-19256,24156,6174,-3227,8082, ,15:58:52.943,0,0,13212,-4860,32767,-12115,-12807,-3680, 
15:58:53.045,900,774,-7952,-1136,23440,32767,29758,-4388, ,15:58:53.045,0,0,3784,-19256,24156,6174,-3227,8082, ,15:58:53.045,0,0,13212,-4860,32767,-12115,-12807,-3680, 
15:58:53.147,900,774,-7952,-1136,23440,32767,29758,-4388, ,15:58:53.147,0,0,3784,-19256,24156,6174,-3227,8082, ,15:58:53.147,0,0,13212,-4860,32767,-12115,-12807,-3680, 
15:58:53.249,900,774,-7952,-1136,23440,32767,29758,-4388, ,15:58:53.249,0,0,3784,-19256,24156,6174,-3227,8082, ,15:58:53.249,0,0,13212,-4860,32767,-12115,-12807,-3680, 
15:58:53.351,900,774,-7952,-1136,23440,32767,29758,-4388, ,15:58:53.351,0,0,3784,-19256,24156,6174,-3227,8082, ,15:58:53.351,0,0,13212,-4860,32767,-12115,-12807,-3680, 
15:58:53.454,900,774,-7952,-1136,23440,32767,29758,-4388, ,15:58:53.454,0,0,3784,-19256,24156,6174,-3227,8082, ,15:58:53.454,0,0,13212,-4860,32767,-12115,-12807,-3680, 
15:58:53.556,900,774,-7952,-1136,23440,32767,29758,-4388, ,15:58:53.556,0,0,3784,-19256,24156,6174,-3227,8082, ,15:58:53.556,0,0,13212,-4860,32767,-12115,-12807,-3680, 
15:58:53.657,900,774,-7952,-1136,23440,32767,29758,-4388, ,15:58:53.658,0,0,3784,-19256,24156,6174,-3227,8082, ,15:58:53.658,0,0,13212,-4860,32767,-12115,-12807,-3680, 
15:58:53.758,900,774,-7952,-1136,23440,32767,29758,-4388, ,15:58:53.758,0,0,-1148,-20848,14424,-7059,4474,4924, ,15:58:53.758,0,0,15252,-10484,32767,2655,10036,2690, 
15:58:53.860,900,770,-21004,6132,-32768,32767,18242,-11356, ,15:58:53.860,0,0,-1148,-20848,14424,-7059,4474,4924, ,15:58:53.860,0,0,15252,-10484,32767,2655,10036,2690, 
15:58:53.962,900,770,-21004,6132,-32768,32767,18242,-11356, ,15:58:53.962,0,0,-1148,-20848,14424,-7059,4474,4924, ,15:58:53.962,0,0,15252,-10484,32767,2655,10036,2690, 
15:58:54.064,900,770,-21004,6132,-32768,32767,18242,-11356, ,15:58:54.064,0,0,-1148,-20848,14424,-7059,4474,4924, ,15:58:54.064,0,0,15252,-10484,32767,2655,10036,2690, 
15:58:54.166,900,770,-21004,6132,-32768,32767,18242,-11356, ,15:58:54.166,0,0,-1148,-20848,14424,-7059,4474,4924, ,15:58:54.166,0,0,15252,-10484,32767,2655,10036,2690, 
15:58:54.268,900,770,-21004,6132,-32768,32767,18242,-11356, ,15:58:54.268,0,0,-1148,-20848,14424,-7059,4474,4924, ,15:58:54.268,0,0,15252,-10484,32767,2655,10036,2690, 
15:58:54.370,900,770,-21004,6132,-32768,32767,18242,-11356, ,15:58:54.370,0,0,-1148,-20848,14424,-7059,4474,4924, ,15:58:54.370,0,0,15252,-10484,32767,2655,10036,2690, 
15:58:54.472,900,770,-21004,6132,-32768,32767,18242,-11356, ,15:58:54.472,0,0,-1148,-20848,14424,-7059,4474,4924, ,15:58:54.472,0,0,1900,-5564,18336,1753,19972,4631, 
15:58:54.574,900,770,-21004,6132,-32768,32767,18242,-11356, ,15:58:54.574,0,0,108,-20584,15460,-14854,8225,-3835, ,15:58:54.574,0,0,1900,-5564,18336,1753,19972,4631, 
15:58:54.676,900,778,1996,25392,-32768,-32768,-9100,15649, ,15:58:54.676,0,0,108,-20584,15460,-14854,8225,-3835, ,15:58:54.676,0,0,1900,-5564,18336,1753,19972,4631, 
15:58:54.779,900,778,1996,25392,-32768,-32768,-9100,15649, ,15:58:54.779,0,0,108,-20584,15460,-14854,8225,-3835, ,15:58:54.779,0,0,1900,-5564,18336,1753,19972,4631, 
15:58:54.881,900,778,1996,25392,-32768,-32768,-9100,15649, ,15:58:54.881,0,0,108,-20584,15460,-14854,8225,-3835, ,15:58:54.881,0,0,1900,-5564,18336,1753,19972,4631, 
15:58:54.983,900,778,1996,25392,-32768,-32768,-9100,15649, ,15:58:54.983,0,0,108,-20584,15460,-14854,8225,-3835, ,15:58:54.983,0,0,1900,-5564,18336,1753,19972,4631, 
15:58:55.085,900,778,1996,25392,-32768,-32768,-9100,15649, ,15:58:55.085,0,0,108,-20584,15460,-14854,8225,-3835, ,15:58:55.085,0,0,1900,-5564,18336,1753,19972,4631, 
15:58:55.187,900,778,1996,25392,-32768,-32768,-9100,15649, ,15:58:55.187,0,0,108,-20584,15460,-14854,8225,-3835, ,15:58:55.187,0,0,1900,-5564,18336,1753,19972,4631, 
15:58:55.289,900,778,1996,25392,-32768,-32768,-9100,15649, ,15:58:55.289,0,0,108,-20584,15460,-14854,8225,-3835, ,15:58:55.289,0,0,-32768,-28996,-6060,20628,7503,4311, 
15:58:55.390,900,771,7236,176,-32768,-32768,-32768,10922, ,15:58:55.390,0,0,-3868,-19312,22800,14871,1143,-7571, ,15:58:55.390,0,0,-32768,-28996,-6060,20628,7503,4311, 
15:58:55.492,900,771,7236,176,-32768,-32768,-32768,10922, ,15:58:55.492,0,0,-3868,-19312,22800,14871,1143,-7571, ,15:58:55.492,0,0,-32768,-28996,-6060,20628,7503,4311, 
15:58:55.593,900,771,7236,176,-32768,-32768,-32768,10922, ,15:58:55.593,0,0,-3868,-19312,22800,14871,1143,-7571, ,15:58:55.593,0,0,-32768,-28996,-6060,20628,7503,4311, 
15:58:55.695,900,771,7236,176,-32768,-32768,-32768,10922, ,15:58:55.695,0,0,-3868,-19312,22800,14871,1143,-7571, ,15:58:55.695,0,0,-32768,-28996,-6060,20628,7503,4311, 
15:58:55.797,900,771,7236,176,-32768,-32768,-32768,10922, ,15:58:55.797,0,0,-3868,-19312,22800,14871,1143,-7571, ,15:58:55.797,0,0,-32768,-28996,-6060,20628,7503,4311, 
15:58:55.898,900,771,7236,176,-32768,-32768,-32768,10922, ,15:58:55.898,0,0,-3868,-19312,22800,14871,1143,-7571, ,15:58:55.898,0,0,-32768,-28996,-6060,20628,7503,4311, 
15:58:56.000,900,771,7236,176,-32768,-32768,-32768,10922, ,15:58:56.000,0,0,-3868,-19312,22800,14871,1143,-7571, ,15:58:56.000,0,0,-32768,-28996,-6060,20628,7503,4311, 
15:58:56.102,900,771,7236,176,-32768,-32768,-32768,10922, ,15:58:56.102,0,0,-3868,-19312,22800,14871,1143,-7571, ,15:58:56.102,0,0,-24212,-13164,-16528,1999,-14845,2277, 
15:58:56.204,900,778,22540,-32768,7356,-32768,-10451,-4582, ,15:58:56.204,0,0,1692,-15268,32767,4529,-6621,-4224, ,15:58:56.204,0,0,-24212,-13164,-16528,1999,-14845,2277, 
15:58:56.306,900,778,22540,-32768,7356,-32768,-10451,-4582, ,15:58:56.306,0,0,1692,-15268,32767,4529,-6621,-4224, ,15:58:56.306,0,0,-24212,-13164,-16528,1999,-14845,2277, 
15:58:56.407,900,778,22540,-32768,7356,-32768,-10451,-4582, ,15:58:56.407,0,0,1692,-15268,32767,4529,-6621,-4224, ,15:58:56.407,0,0,-24212,-13164,-16528,1999,-14845,2277, 
15:58:56.509,900,778,22540,-32768,7356,-32768,-10451,-4582, ,15:58:56.509,0,0,1692,-15268,32767,4529,-6621,-4224, ,15:58:56.509,0,0,-24212,-13164,-16528,1999,-14845,2277, 
15:58:56.611,900,778,22540,-32768,7356,-32768,-10451,-4582, ,15:58:56.611,0,0,1692,-15268,32767,4529,-6621,-4224, ,15:58:56.611,0,0,-24212,-13164,-16528,1999,-14845,2277, 
15:58:56.714,900,778,22540,-32768,7356,-32768,-10451,-4582, ,15:58:56.714,0,0,1692,-15268,32767,4529,-6621,-4224, ,15:58:56.714,0,0,-24212,-13164,-16528,1999,-14845,2277, 
15:58:56.816,900,778,22540,-32768,7356,-32768,-10451,-4582, ,15:58:56.816,0,0,1692,-15268,32767,4529,-6621,-4224, ,15:58:56.816,0,0,-24212,-13164,-16528,1999,-14845,2277, 
15:58:56.917,900,778,22540,-32768,7356,-32768,-10451,-4582, ,15:58:56.917,0,0,1692,-15268,32767,4529,-6621,-4224, ,15:58:56.917,0,0,-2792,3820,31464,-7108,-22671,-1903, 
15:58:57.019,900,781,1256,-21480,32767,32767,31623,-9971, ,15:58:57.019,0,0,-1052,-23932,24812,9771,-5994,6387, ,15:58:57.019,0,0,-2792,3820,31464,-7108,-22671,-1903, 
15:58:57.121,900,781,1256,-21480,32767,32767,31623,-9971, ,15:58:57.121,0,0,-1052,-23932,24812,9771,-5994,6387, ,15:58:57.121,0,0,-2792,3820,31464,-7108,-22671,-1903, 
15:58:57.223,900,781,1256,-21480,32767,32767,31623,-9971, ,15:58:57.223,0,0,-1052,-23932,24812,9771,-5994,6387, ,15:58:57.223,0,0,-2792,3820,31464,-7108,-22671,-1903, 
15:58:57.325,900,781,1256,-21480,32767,32767,31623,-9971, ,15:58:57.325,0,0,-1052,-23932,24812,9771,-5994,6387, ,15:58:57.325,0,0,-2792,3820,31464,-7108,-22671,-1903, 
15:58:57.427,900,781,1256,-21480,32767,32767,31623,-9971, ,15:58:57.427,0,0,-1052,-23932,24812,9771,-5994,6387, ,15:58:57.427,0,0,-2792,3820,31464,-7108,-22671,-1903, 
15:58:57.528,900,781,1256,-21480,32767,32767,31623,-9971, ,15:58:57.528,0,0,-1052,-23932,24812,9771,-5994,6387, ,15:58:57.528,0,0,-2792,3820,31464,-7108,-22671,-1903, 
15:58:57.630,0,781,1256,-21480,32767,32767,31623,-9971, ,15:58:57.630,0,0,-1052,-23932,24812,9771,-5994,6387, ,15:58:57.630,0,0,-2792,3820,31464,-7108,-22671,-1903, 